Title,Alert History Report
Type,Alert History
Period,2026-06-20 12:42:23 UTC to 2026-06-27 12:42:23 UTC
Generated,2026-06-27 12:42:24 UTC

Summary
Total alerts,38
Critical,6
Warning,32
Info,0

Time,Severity,Device,Title,Value,Status
2026-06-27 12:41:17,warning,MSI,Memory high,91,active
2026-06-27 12:33:07,critical,MSI,Memory critical,97,active
2026-06-27 12:10:38,warning,MSI,CPU high,85.7,active
2026-06-27 12:06:36,warning,MSI,Memory high,85,active
2026-06-27 12:04:47,critical,MSI,Memory critical,96,resolved
2026-06-27 11:49:18,warning,MSI,Memory high,93,resolved
2026-06-27 05:21:58,warning,MSI,CPU high,88.6,resolved
2026-06-27 04:59:16,warning,MSI,Memory high,89,resolved
2026-06-27 04:47:47,warning,MSI,Memory high,91,resolved
2026-06-27 04:35:58,warning,MSI,CPU high,88.9,resolved
2026-06-27 04:10:15,warning,MSI,Memory high,90,resolved
2026-06-27 04:10:14,warning,MSI,Server offline,—,resolved
2026-06-27 04:00:59,warning,MSI,CPU high,82.6,resolved
2026-06-27 03:38:26,critical,MSI,CPU critical,91.1,resolved
2026-06-27 03:31:46,warning,MSI,Memory high,88,resolved
2026-06-27 03:30:06,warning,MSI,Memory high,90,resolved
2026-06-27 03:22:16,warning,MSI,Memory high,91,resolved
2026-06-25 14:43:38,warning,MSI,CPU high,83.3,resolved
2026-06-25 14:39:16,warning,MSI,Memory high,87,resolved
2026-06-25 14:36:57,warning,MSI,Memory high,92,resolved
2026-06-25 13:52:18,warning,MSI,Server offline,—,resolved
2026-06-25 13:49:21,warning,MSI,Memory high,93,resolved
2026-06-22 10:42:37,warning,MSI,Memory high,93,resolved
2026-06-22 10:42:27,warning,MSI,Memory high,92,resolved
2026-06-22 10:42:07,warning,MSI,Memory high,91,resolved
2026-06-22 10:40:10,warning,MSI,Memory high,90,resolved
2026-06-22 10:35:27,critical,MSI,Memory critical,95,resolved
2026-06-22 10:25:57,warning,MSI,CPU high,83.5,resolved
2026-06-22 09:58:07,critical,MSI,Memory critical,95,resolved
2026-06-22 09:33:57,warning,MSI,Memory high,87,resolved
2026-06-22 09:31:37,warning,MSI,Memory high,91,resolved
2026-06-22 09:30:27,warning,MSI,Memory high,92,resolved
2026-06-22 09:15:27,critical,MSI,Memory critical,96,resolved
2026-06-22 09:12:11,warning,MSI,Server offline,—,resolved
2026-06-22 09:08:25,warning,MSI,Memory high,93,resolved
2026-06-22 04:39:07,warning,MSI,CPU high,83,resolved
2026-06-22 04:38:58,warning,MSI,Memory high,89,resolved
2026-06-22 04:02:28,warning,MSI,Memory high,93,resolved